Row,Topic,Has Stem,Stem Length,Has Choices,Choice Count,Has Explanation,Difficulty
1,Narcolepsy,Yes,800,Yes,5,Yes,MEDIUM
2,Graves disease,Yes,1449,Yes,5,Yes,MEDIUM
3,Mesolimbic Pathway overactivity causing positive symptoms of schizophrenia,Yes,799,Yes,5,Yes,MEDIUM
4,Renal tubular defects,Yes,780,Yes,4,Yes,MEDIUM
5, pill-induced esophagitis caused by bisphosphonates,Yes,744,Yes,5,Yes,MEDIUM
6,Malignant hyperthermia,Yes,946,Yes,5,Yes,MEDIUM
7, Corticosteroid-induced myopathy,Yes,826,Yes,5,Yes,MEDIUM
8,Etanercept induced TB reactivation,Yes,815,Yes,5,Yes,MEDIUM
9,22q11 chromosome defect. -Digeorge syndrome,Yes,2123,Yes,5,Yes,MEDIUM
10,Cystic fibrosis ,Yes,1679,Yes,5,Yes,HARD
11,Muscular dystrophy ,Yes,1142,Yes,5,Yes,MEDIUM
12,Freidrichs ataxia,Yes,1910,Yes,5,Yes,HARD
13,POTTERS sequence ,Yes,1107,Yes,5,Yes,MEDIUM
14,Aortic Stenosis (Pressure Overload Hemodynamics),Yes,845,Yes,5,Yes,MEDIUM
15,Side effect of azithromycin,Yes,743,Yes,5,Yes,MEDIUM
16,Side effect of medication (Theophylline),Yes,681,Yes,5,Yes,MEDIUM
17,Medication Side effect (Pirfenidone),Yes,788,Yes,5,Yes,MEDIUM
18,Lateral hypothalamic nucleus lesion,Yes,660,Yes,5,Yes,MEDIUM
19,Mycobacterium virulence factors,Yes,677,Yes,5,Yes,MEDIUM
20,Histoplasma capsulatum,Yes,889,Yes,5,Yes,MEDIUM
21,Normal Age-Related Cardiovascular Changes (Isolated Systolic Hypertension),Yes,1256,Yes,5,Yes,MEDIUM
22,Nephrolithiasis ,Yes,920,Yes,5,Yes,MEDIUM
23,E.coli Virulence factor ,Yes,925,Yes,5,Yes,MEDIUM
24,Achalasia,Yes,620,Yes,5,Yes,MEDIUM
25,Diabetic Ketoacidosis ,Yes,817,Yes,5,Yes,MEDIUM
26,Diuretic Induced Hypokalemia,Yes,829,Yes,5,Yes,MEDIUM
27,Cause of Anemia in CKD,Yes,884,Yes,5,Yes,MEDIUM
28,Acute Tubular Necrosis,Yes,868,Yes,5,Yes,MEDIUM
29,Distal Renal Tubular Acidosis,Yes,802,Yes,5,Yes,MEDIUM
30,Thiazide induced hyponatremia ,Yes,882,Yes,5,Yes,MEDIUM
31,aspirin toxicity ,Yes,839,Yes,5,Yes,MEDIUM
32,GERD,Yes,497,Yes,5,Yes,MEDIUM
33,Renal Cell Carcinoma ,Yes,862,Yes,5,Yes,MEDIUM
34,Minimal Change Disease,Yes,941,Yes,5,Yes,MEDIUM
35,Post streptococcal glomerulonephritis ,Yes,838,Yes,5,Yes,MEDIUM
36,Autosomal dominant polycystic disease,Yes,751,Yes,5,Yes,MEDIUM
37,Renal Artery Stenosis ,Yes,932,Yes,5,Yes,MEDIUM
38,Diabetes Insipidus,Yes,757,Yes,5,Yes,MEDIUM
39,Amyloidosis,Yes,1042,Yes,5,Yes,MEDIUM
40,Vesicoureteral reflux,Yes,626,Yes,5,Yes,MEDIUM
41,Hypertensive Nephropathy,Yes,809,Yes,5,Yes,MEDIUM
42,Extraperitoneal bladder Rupture ,Yes,619,Yes,5,Yes,MEDIUM
43,von Willebrand disease,Yes,421,Yes,5,Yes,MEDIUM
44,rotator cuff muscles group,Yes,1040,Yes,5,Yes,MEDIUM
45,Serratus anterior muscle injury,Yes,797,Yes,5,Yes,MEDIUM
46,Toxic adenoma,Yes,1623,Yes,6,Yes,MEDIUM
47,Effects of ACE inhibitor,Yes,1252,Yes,5,Yes,MEDIUM
48,Effects of loop diuretics,Yes,1172,Yes,5,Yes,MEDIUM
49,Adverse effects of ACE inhibitors ,Yes,928,Yes,5,Yes,MEDIUM
50,Bacterial Meningitis,Yes,788,Yes,5,Yes,MEDIUM
51,hemophilia A,Yes,459,Yes,5,Yes,MEDIUM
52,vitamin K deficiency,Yes,444,Yes,5,Yes,MEDIUM
53,Anemia of chronic disease,Yes,423,Yes,5,Yes,MEDIUM
54,Vitamin B12 deficiency,Yes,380,Yes,5,Yes,MEDIUM
55,Warm autoimmune hemolytic anemia,Yes,498,Yes,5,Yes,MEDIUM
56,Sickle cell disease,Yes,787,Yes,5,Yes,MEDIUM
57,Glanzmann thrombasthenia,Yes,642,Yes,5,Yes,MEDIUM
58,Parkinson disease,Yes,658,Yes,5,Yes,MEDIUM
59,Berry aneurysm,Yes,749,Yes,5,Yes,MEDIUM
60,Peptic Ulcer disease ,Yes,760,Yes,5,Yes,HARD
61,B) Cytomegalovirus (CMV) esophagitis,Yes,509,Yes,5,Yes,MEDIUM
62,median nerve injury,Yes,772,Yes,5,Yes,MEDIUM
63,Cerebral Venous Sinus Thrombosis,Yes,1085,Yes,5,Yes,MEDIUM
64,Posterior Cerebral Artery Stroke,Yes,742,Yes,5,Yes,MEDIUM
65,ulnar nerve injury,Yes,755,Yes,5,Yes,MEDIUM
66,Cerebrovascular accident (CVA)/ Stroke,Yes,1039,Yes,5,Yes,MEDIUM
67,Multiple Sclerosis,Yes,1081,Yes,5,Yes,MEDIUM
68,Pulmonary Tuberculosis,Yes,795,Yes,5,Yes,MEDIUM
69,Pulmonary Tuberculosis- antitubercular drugs,Yes,649,Yes,5,Yes,MEDIUM
70,Myasthenia gravis,Yes,1414,Yes,5,Yes,MEDIUM
71,Glioblastoma Multiforme,Yes,1119,Yes,5,Yes,MEDIUM
72,Marfan syndrome ,Yes,992,Yes,5,Yes,MEDIUM
73,Salicylate toxicity ,Yes,857,Yes,5,Yes,MEDIUM
74,Methanol toxicity affects the eye,Yes,981,Yes,5,Yes,MEDIUM
75,Digoxin MOA,Yes,1018,Yes,5,Yes,MEDIUM
76,scaphoid fracture,Yes,714,Yes,5,Yes,MEDIUM
77,DKA,Yes,1090,Yes,5,Yes,MEDIUM
78,Conns syndrome ,Yes,1116,Yes,5,Yes,MEDIUM
79,MOA of ADH ,Yes,1032,Yes,5,Yes,MEDIUM
80,Subarachnoid Hemorrhage (ruptured saccular / berry aneurysm),Yes,1390,Yes,5,Yes,MEDIUM
81,Mixed Acid base disorder ,Yes,1503,Yes,5,Yes,MEDIUM
82,Meralgia paresthetica,Yes,537,Yes,5,Yes,MEDIUM
83,Guillain-Barré Syndrome,Yes,1045,Yes,5,Yes,MEDIUM
84,Idiopathic Parkinson Disease,Yes,1171,Yes,5,Yes,MEDIUM
85,Hypertrophic Obstructive Cardiomyopathy (HOCM),Yes,1159,Yes,5,Yes,MEDIUM
86,Hyper-IgM syndrome,Yes,685,Yes,5,Yes,MEDIUM
87,MHC class II deficiency,Yes,618,Yes,5,Yes,MEDIUM
88,C3 deficiency,Yes,787,Yes,5,Yes,MEDIUM
89,Anaphylaxis,Yes,517,Yes,5,Yes,MEDIUM
90,Down Syndrome,Yes,669,Yes,5,Yes,MEDIUM
91,Alzheimer Disease,Yes,1240,Yes,5,Yes,MEDIUM
92,Herpes Simplex Virus Type 1 (HSV-1) Encephalitis,Yes,1172,Yes,5,Yes,MEDIUM
93,Common peroneal nerve,Yes,747,Yes,5,Yes,MEDIUM
94,Warfarin anticoagulation,Yes,669,Yes,5,Yes,MEDIUM
95,Aspirin antiplatelet effect,Yes,734,Yes,5,Yes,MEDIUM
96,Methotrexate antimetabolite effect,Yes,740,Yes,5,Yes,MEDIUM
97,Tacrolimus immunosuppression,Yes,639,Yes,5,Yes,MEDIUM
98,Huntington Disease,Yes,1210,Yes,5,Yes,MEDIUM
99,Wernicke Encephalopathy,Yes,905,Yes,5,Yes,MEDIUM
100,Amyotrophic Lateral Sclerosis (ALS),Yes,1224,Yes,5,Yes,MEDIUM
101,Cryptococcal Meningitis,Yes,1055,Yes,5,Yes,MEDIUM
102,Creutzfeldt-Jakob Disease,Yes,1120,Yes,5,Yes,HARD
103,Sickle cell disease (HbSS),Yes,520,Yes,5,Yes,MEDIUM
104,Hodgkin lymphoma,Yes,639,Yes,5,Yes,MEDIUM
105,Acute Myeloid Leukemia (AML),Yes,609,Yes,5,Yes,MEDIUM
106,Hereditary Spherocytosis,Yes,479,Yes,5,Yes,MEDIUM
107,Multiple Myeloma,Yes,698,Yes,5,Yes,MEDIUM
108,Disseminated Intravascular Coagulation (DIC),Yes,541,Yes,5,Yes,MEDIUM
109,COPD- chronic bronchitis,Yes,901,Yes,5,Yes,HARD
110,Chronic Myeloid Leukemia (CML),Yes,582,Yes,5,Yes,MEDIUM
111,von Willebrand Disease (vWD),Yes,555,Yes,5,Yes,MEDIUM
112,Schizophrenia,Yes,833,Yes,5,Yes,MEDIUM
113,Obsessive-Compulsive Disorder (OCD),Yes,704,Yes,5,Yes,MEDIUM
114,Bipolar I Disorder,Yes,761,Yes,5,Yes,MEDIUM
115,X-linked agammaglobulinemia,Yes,753,Yes,5,Yes,MEDIUM
116,Burkitt Lymphoma (Endemic/African type),Yes,685,Yes,5,Yes,MEDIUM
117,Glucose-6-Phosphate Dehydrogenase (G6PD) Deficiency,Yes,698,Yes,5,Yes,MEDIUM
118,Polycythemia Vera (PV),Yes,522,Yes,5,Yes,MEDIUM
119,Acute Lymphoblastic Leukemia (ALL),Yes,657,Yes,5,Yes,MEDIUM
120,Iron Deficiency Anemia (IDA),Yes,495,Yes,5,Yes,MEDIUM
121,Acute Promyelocytic Leukemia (APL; AML-M3),Yes,718,Yes,5,Yes,MEDIUM
122,Hemophilia A (Factor VIII Deficiency),Yes,654,Yes,5,Yes,MEDIUM
123,Beta-Thalassemia Major (Cooley Anemia),Yes,400,Yes,5,Yes,MEDIUM
124,Immune Thrombocytopenic Purpura (ITP),Yes,567,Yes,5,Yes,MEDIUM
125,Chronic Lymphocytic Leukemia (CLL),Yes,693,Yes,5,Yes,MEDIUM
126,Vitamin B12 (Cobalamin) Deficiency with Subacute Combined Degeneration,Yes,826,Yes,5,Yes,MEDIUM
127,Anemia of Chronic Kidney Disease (Anemia of CKD),Yes,640,Yes,5,Yes,MEDIUM
128,Acute Intermittent Porphyria (AIP),Yes,728,Yes,5,Yes,MEDIUM
129,Severe combined immunodeficiency,Yes,1080,Yes,5,Yes,MEDIUM
130,Porphyria Cutanea Tarda (PCT),Yes,693,Yes,5,Yes,MEDIUM
131,Aplastic Anemia,Yes,763,Yes,5,Yes,MEDIUM
132,Folate (Folic Acid) Deficiency,Yes,717,Yes,5,Yes,MEDIUM
133,Chronic granulomatous disease,Yes,1012,Yes,5,Yes,MEDIUM
134,Warm Autoimmune Hemolytic Anemia (AIHA),Yes,598,Yes,5,Yes,MEDIUM
135,Paroxysmal Nocturnal Hemoglobinuria (PNH),Yes,653,Yes,5,Yes,MEDIUM
136,Waldenström Macroglobulinemia (Lymphoplasmacytic Lymphoma),Yes,657,Yes,5,Yes,MEDIUM
137,Bernard-Soulier Syndrome (BSS),Yes,407,Yes,5,Yes,MEDIUM
138,Psychotic disorder due to another medical condition,Yes,584,Yes,5,Yes,MEDIUM
139,Dysthymia ,Yes,708,Yes,5,Yes,MEDIUM
140,Body Dysmorphic Disorder,Yes,781,Yes,5,Yes,MEDIUM
141,Anorexia Nervosa,Yes,715,Yes,5,Yes,MEDIUM
142,Gender Dysphoria,Yes,753,Yes,5,Yes,MEDIUM
143,Cluster Headache,Yes,967,Yes,5,Yes,MEDIUM
144,Idiopathic Intracranial Hypertension,Yes,1197,Yes,5,Yes,HARD
145,Refractory Status Epilepticus,Yes,913,Yes,5,Yes,MEDIUM
146,Increased intracranial pressure with Cushing reflex causing decreased cerebral perfusion pressure; therapeutic hyperventilation mechanism,Yes,877,Yes,5,Yes,MEDIUM
147,Oculomotor nerve (CN III) palsy due to posterior communicating artery aneurysm,Yes,685,Yes,5,Yes,MEDIUM
148,Decompensated Heart Failure with Reduced Ejection Fraction (HFrEF),Yes,1335,Yes,5,Yes,MEDIUM
149,Erb's palsy,Yes,1043,Yes,5,Yes,MEDIUM
150,Serotonin Syndrome,Yes,1100,Yes,5,Yes,HARD
151,Tuberous Sclerosis Complex with infantile spasms,Yes,1424,Yes,5,Yes,MEDIUM
152,Bell Palsy,Yes,1274,Yes,5,Yes,HARD
153,Trigeminal Neuralgia ,Yes,1279,Yes,5,Yes,HARD
154,Hospital acquired pneumonia,Yes,737,Yes,5,Yes,MEDIUM
155,Community acquired pneumonia,Yes,773,Yes,5,Yes,MEDIUM
156,Charcot-Marie-Tooth Disease Type 1A ,Yes,1517,Yes,5,Yes,HARD
157,Herpes Zoster,Yes,1319,Yes,5,Yes,MEDIUM
158,Uncal Herniation with Kernohan Notch Phenomenon,Yes,1087,Yes,5,Yes,HARD
159,Terminal complement pathway deficiency,Yes,792,Yes,5,Yes,MEDIUM
160,HIV infection/AIDS,Yes,637,Yes,5,Yes,MEDIUM
161,Serum sickness,Yes,855,Yes,5,Yes,MEDIUM
162,action potential in motor end plate,Yes,662,Yes,5,Yes,MEDIUM
163,G6PD deficiency,Yes,1051,Yes,5,Yes,MEDIUM
164,T tubules function,Yes,1296,Yes,5,Yes,MEDIUM
165,Tumor lysis syndrome,Yes,790,Yes,5,Yes,MEDIUM
166,Adenosine deaminase deficiency,Yes,1049,Yes,5,Yes,MEDIUM
167,tropomyosin function,Yes,833,Yes,5,Yes,MEDIUM
168,SERCA function,Yes,961,Yes,5,Yes,MEDIUM
169,Brainstem Stroke Localizing to Brainstem Nuclei,Yes,1166,Yes,5,Yes,MEDIUM
170,Brown-Séquard Syndrome (Hemisection of the spinal cord),Yes,899,Yes,5,Yes,MEDIUM
171,prostaglandin effect on kidney,Yes,1381,Yes,5,Yes,MEDIUM
172,ACE Inhibitor Induced Cough ,Yes,1013,Yes,5,Yes,MEDIUM
173,Body Dysmorphic Disorder (BDD),Yes,711,Yes,5,Yes,MEDIUM
174,Dentate nucleus lesion causing lateral cerebellar syndrome (cerebrocerebellum dysfunction),Yes,1055,Yes,5,Yes,MEDIUM
175,Carbamazepine-induced DRESS syndrome,Yes,825,Yes,5,Yes,MEDIUM
176,Functional Neurological Symptom Disorder (Conversion Disorder),Yes,631,Yes,5,Yes,MEDIUM
177,posteromedial papillary muscle rupture ,Yes,880,Yes,5,Yes,MEDIUM
178,Anorexia Nervosa,Yes,651,Yes,5,Yes,MEDIUM
179,Midgut Volvulus Due to Malrotation,Yes,613,Yes,5,Yes,MEDIUM
180,Pulmonary Embolism,Yes,810,Yes,5,Yes,MEDIUM
181,Power stroke in muscle fiber,Yes,503,Yes,5,Yes,MEDIUM
182,types of fibers in muscle,Yes,703,Yes,5,Yes,MEDIUM
183,Sarcoidosis,Yes,682,Yes,5,Yes,HARD
184,Rett Syndrome,Yes,559,Yes,5,Yes,MEDIUM
185,Tourette Syndrome,Yes,688,Yes,5,Yes,MEDIUM
186,Reactive Attachment Disorder,Yes,652,Yes,5,Yes,MEDIUM
187,Trichotillomania (Hair-Pulling Disorder),Yes,620,Yes,5,Yes,MEDIUM
188,Alpha-1 Antitrypsin Deficiency,Yes,607,Yes,5,Yes,MEDIUM
189,Tay-Sachs Disease,Yes,599,Yes,5,Yes,MEDIUM
190, Xeroderma pigmentosum,Yes,921,Yes,5,Yes,MEDIUM
191,Hypoxemia due to opioid-induced hypoventilation,Yes,675,Yes,5,Yes,MEDIUM
192,Acute Respiratory Distress Syndrome (ARDS),Yes,1050,Yes,5,Yes,MEDIUM
193,Parkinson disease,Yes,1064,Yes,5,Yes,MEDIUM
194,Local anesthetic systemic toxicity due to Bupivacaine,Yes,595,Yes,5,Yes,MEDIUM
195,Acute angle-closure Glaucoma treated with Pilocarpine,Yes,683,Yes,5,Yes,MEDIUM
196,Hypovolemic shock secondary to acute upper GI hemorrhage,Yes,582,Yes,5,Yes,MEDIUM
197,Systemic inflammatory response syndrome (SIRS),Yes,480,Yes,5,Yes,MEDIUM
198,Moderate hypothermia,Yes,518,Yes,5,Yes,MEDIUM
199,Obesity hypoventilation syndrome (Pickwickian syndrome),Yes,650,Yes,5,Yes,MEDIUM
200,Pericardial effusion with early tamponade,Yes,1109,Yes,5,Yes,MEDIUM
201,Left atrial myxoma,Yes,567,Yes,5,Yes,MEDIUM
202,Schizophrenia,Yes,1936,Yes,5,Yes,MEDIUM
203,Schizoaffective Disorder, Bipolar Type,Yes,1906,Yes,5,Yes,MEDIUM
204,Major Depressive Disorder,Yes,1940,Yes,5,Yes,MEDIUM
205,Somatic Symptom Disorder,Yes,2007,Yes,5,Yes,MEDIUM
206, Primary adrenal insufficiency (Addison disease),Yes,600,Yes,5,Yes,MEDIUM
207,Hypertrophic cardiomyopathy (HOCM),Yes,705,Yes,5,Yes,MEDIUM
208, Primary hyperaldosteronism (Conn syndrome),Yes,559,Yes,5,Yes,MEDIUM
209,Acute rheumatic fever,Yes,644,Yes,5,Yes,MEDIUM
210,Syndrome of inappropriate antidiuretic hormone secretion (SIADH),Yes,636,Yes,5,Yes,MEDIUM
211,Bilateral renal agenesis,Yes,974,Yes,5,Yes,MEDIUM
212,Heat Stroke,Yes,540,Yes,5,Yes,MEDIUM
213,Acute bacterial endocarditis ,Yes,852,Yes,5,Yes,MEDIUM
214,Sensitivity and Specificity Calculation,Yes,1253,Yes,5,Yes,MEDIUM
215,Positive Predictive Value and Prevalence Effect,Yes,1430,Yes,5,Yes,MEDIUM
216,Transposition of the great arteries due to failure of spiraling of the aorticopulmonary septum,Yes,598,Yes,5,Yes,MEDIUM
217,Nitrate Tolerance (Lack of Drug-Free Interval),Yes,1079,Yes,5,Yes,MEDIUM
218,Aortic dissection,Yes,883,Yes,5,Yes,MEDIUM
219,Types of fibers in muscle,Yes,900,Yes,5,Yes,HARD
220,smooth muscle contration,Yes,1018,Yes,5,Yes,MEDIUM
221,Double-Blind Randomized Controlled Trial,Yes,1933,Yes,5,Yes,MEDIUM
222,Relative Risk Calculation and Interpretation,Yes,1763,Yes,5,Yes,MEDIUM
223,Type I Error (Alpha) and p-value Interpretation,Yes,1456,Yes,5,Yes,MEDIUM
224,Statistical Power and Sample Size,Yes,1565,Yes,5,Yes,MEDIUM
225,Recall Bias in Case-Control Studies,Yes,1493,Yes,5,Yes,MEDIUM
226,Confounding Variable,Yes,1352,Yes,5,Yes,MEDIUM
227,Period Prevalence vs Point Prevalence vs Incidence,Yes,1445,Yes,5,Yes,MEDIUM
228,Herd Immunity Threshold Calculation,Yes,1723,Yes,5,Yes,MEDIUM
229,Succinylcholine in a patient with pseudocholinesterase deficiency ,Yes,1135,Yes,5,Yes,MEDIUM
230,Huntington Disease due to CAG trinucleotide repeat expansion (chromosome 4),Yes,1102,Yes,5,Yes,MEDIUM
231,Functional hypothalamic hypogonadism ,Yes,749,Yes,5,Yes,MEDIUM
232,Psoas Abscess,Yes,538,Yes,1,Yes,MEDIUM
233,AVN,Yes,359,Yes,1,Yes,MEDIUM
234,Osteoed osteoma,Yes,316,Yes,1,Yes,MEDIUM
235,Ewing sarcoma,Yes,428,Yes,1,Yes,MEDIUM
236,Latent Error / Swiss Cheese Model,Yes,1738,Yes,5,Yes,MEDIUM
237,Medication Reconciliation at Transitions of Care,Yes,1645,Yes,5,Yes,MEDIUM
238,PDSA Quality Improvement Cycle,Yes,1694,Yes,5,Yes,MEDIUM
239,Social Determinants of Health and Health Disparities,Yes,1789,Yes,5,Yes,MEDIUM
240,Elements of Valid Informed Consent — Guarantee of Outcome NOT Required,Yes,1754,Yes,5,Yes,MEDIUM
241,Decision-Making Capacity Assessment Before Proxy Override,Yes,1684,Yes,4,Yes,MEDIUM
242,Down Syndrome — Trisomy 21, Meiotic Nondisjunction,Yes,1699,Yes,5,Yes,MEDIUM
243,Marfan Syndrome, FBN1, Autosomal Dominant,Yes,1798,Yes,5,Yes,MEDIUM
244,Duchenne Muscular Dystrophy — DMD Gene Frameshift Deletion,Yes,1962,Yes,5,Yes,MEDIUM
245,Hemophilia A — Factor VIII Deficiency, X-linked Recessive,Yes,1593,Yes,5,Yes,MEDIUM
246,Cellulitis,Yes,1178,Yes,5,Yes,HARD
247,Impetigo,Yes,928,Yes,5,Yes,MEDIUM
248,Wolff-Parkinson-White (WPW) syndrome,Yes,676,Yes,5,Yes,MEDIUM
249,Hypertensive emergency (malignant hypertension with retinopathy and end-organ damage),Yes,834,Yes,5,Yes,MEDIUM
250,Acute Digoxin Toxicity ,Yes,1019,Yes,5,Yes,MEDIUM
251,Clomiphene,Yes,1108,Yes,5,Yes,MEDIUM
252,Combined oral contraceptive ,Yes,1018,Yes,5,Yes,MEDIUM
253,Physiological renal changes in pregnancy ,Yes,1299,Yes,5,Yes,MEDIUM
254,Rheumatic mitral stenosis,Yes,617,Yes,5,Yes,MEDIUM
255,Anchoring Bias / Cognitive Error in Clinical Reasoning,Yes,1728,Yes,5,Yes,MEDIUM
256, Cholesterol embolization syndrome,Yes,886,Yes,5,Yes,MEDIUM
257,smooth muscle fiber contaction,Yes,885,Yes,5,Yes,MEDIUM
258,Muscle stretch receptors,Yes,920,Yes,5,Yes,MEDIUM
259,Tetralogy of Fallot — physiology of squatting maneuver,Yes,734,Yes,5,Yes,MEDIUM
260,Chronic Hypertension - Pressure Overload ,Yes,919,Yes,5,Yes,MEDIUM
261, Long QT syndrome,Yes,868,Yes,5,Yes,MEDIUM
262,Normal Grief vs Persistent Complex Bereavement Disorder (Prolonged Grief Disorder),Yes,1837,Yes,4,Yes,MEDIUM
263,Staphylococcal skin scalded syndrome ,Yes,1101,Yes,5,Yes,HARD
264,Anthrax,Yes,950,Yes,5,Yes,MEDIUM
265,Confidentiality in minors seeking sexually transmitted infection treatment,Yes,629,Yes,5,Yes,MEDIUM
266,Accepting gifts from patients / physician–patient boundary ethics,Yes,767,Yes,5,Yes,MEDIUM
267,Disclosure of medical error (wrong patient procedure),Yes,833,Yes,5,Yes,MEDIUM
268,Impaired physician colleague / duty to report / patient safety,Yes,758,Yes,5,Yes,MEDIUM
269,Chlamydia trachomatis infection ,Yes,887,Yes,5,Yes,MEDIUM
270,Conscientious objection and physician duty to refer,Yes,544,Yes,5,Yes,MEDIUM
271,Use of professional medical interpreters / patient autonomy in language barriers,Yes,915,Yes,5,Yes,MEDIUM
272,Capitation payment model and healthcare utilization incentives,Yes,942,Yes,5,Yes,MEDIUM
273,Candida vulvovaginitis,Yes,707,Yes,5,Yes,MEDIUM
274,Golgi tendon organ,Yes,886,Yes,5,Yes,MEDIUM
275,Glucose clearance ,Yes,1406,Yes,5,Yes,HARD
276,RTA type 4,Yes,1652,Yes,5,Yes,MEDIUM
277,ADH - vasopressin physiology ,Yes,1600,Yes,5,Yes,MEDIUM
278,Ovarian torsion,Yes,719,Yes,5,Yes,MEDIUM
279,Calcific aortic stenosis — age-related wear-and-tear (calcific degeneration),Yes,790,Yes,5,Yes,MEDIUM
280,Cardiac amyloidosis (restrictive cardiomyopathy),Yes,936,Yes,5,Yes,MEDIUM
281,Hypertrophy ,Yes,830,Yes,5,Yes,MEDIUM
282,Surrogate decision-making and substituted judgment,Yes,1001,Yes,5,Yes,MEDIUM
283,ANOVA,Yes,639,Yes,5,Yes,MEDIUM
284,Pearson correlation coefficient for assessing the relationship between two continuous variables,Yes,823,Yes,5,Yes,MEDIUM
285,Posterior urethral injury ,Yes,625,Yes,5,Yes,MEDIUM
286,Opportunistic Infection-Histoplasma capsulatum,Yes,818,Yes,5,Yes,MEDIUM
287,Cystic Fibrosis,Yes,684,Yes,5,Yes,MEDIUM
288,Acute Respiratory Distress Syndrome,Yes,841,Yes,5,Yes,HARD
289,Epiglottitis,Yes,591,Yes,5,Yes,MEDIUM
290,tension pnemothorax,Yes,741,Yes,5,Yes,HARD
291,Empyema thoracis,Yes,996,Yes,5,Yes,MEDIUM
292,Odds ratio,Yes,609,Yes,5,Yes,MEDIUM
293,Hypersensitivity penumonitis,Yes,1005,Yes,5,Yes,MEDIUM
294,alpha-1 antitrypsin deficiency,Yes,622,Yes,5,Yes,HARD
295,Osteomyelitis ,Yes,1355,Yes,5,Yes,MEDIUM
296,Wet beriberi (thiamine deficiency cardiomyopathy),Yes,1105,Yes,5,Yes,MEDIUM
297,V/Q Mismatch- intrapulmonary shunt,Yes,779,Yes,5,Yes,MEDIUM
298,Constrictive pericarditis (tuberculous),Yes,917,Yes,5,Yes,MEDIUM
299,O2- Hb dissociation curve,Yes,688,Yes,5,Yes,MEDIUM
300,COPD - lung volumes and capacities,Yes,748,Yes,5,Yes,MEDIUM
301,Lung mechanics,Yes,744,Yes,5,Yes,MEDIUM
302,Hypoxemia at high altitude,Yes,827,Yes,5,Yes,HARD
303,Hawthorne effect,Yes,760,Yes,5,Yes,MEDIUM
304,Clinical significance vs statistical significance,Yes,798,Yes,5,Yes,MEDIUM
305,Septic arthritis ,Yes,1284,Yes,5,Yes,MEDIUM
306,Juvenile idiopathic arthritis ,Yes,1189,Yes,5,Yes,MEDIUM
307,Amiodarone Toxicity — Pulmonary Fibrosis and Slate-Blue Skin Discoloration,Yes,1066,Yes,5,Yes,MEDIUM
308,Felty’s syndrome,Yes,1105,Yes,5,Yes,HARD
309,supraventricular tachycardia AV nodal reentrant tachycardia (AVNRT),Yes,586,Yes,5,Yes,MEDIUM
310,Frozen shoulder,Yes,1046,Yes,1,Yes,MEDIUM
311,Ramsay Hunt Syndrome,Yes,1068,Yes,5,Yes,HARD
312,Fibrate Mechanism — PPAR-α Activation and Lipoprotein Lipase Upregulation,Yes,922,Yes,5,Yes,MEDIUM
313,CO₂ transport physiology (bicarbonate buffering system; chloride shift; Haldane effect understanding),Yes,515,Yes,5,Yes,MEDIUM
314,Control of breathing,Yes,735,Yes,5,Yes,MEDIUM
315,Hypoxic Vasocinstriction,Yes,751,Yes,5,Yes,MEDIUM
316,alveolar gas equation application,Yes,771,Yes,5,Yes,MEDIUM
317,Bronchopulmonary segment (surgical lung unit in bronchiectasis),Yes,677,Yes,5,Yes,MEDIUM
318,Necrotizing fasciitis,Yes,1523,Yes,5,Yes,MEDIUM
319,Pott’s disease,Yes,1463,Yes,3,Yes,MEDIUM
320,Psoriatic arthritis ,Yes,1332,Yes,5,Yes,MEDIUM
321,Gout,Yes,1318,Yes,5,Yes,MEDIUM
322,Dermatomyositis,Yes,1336,Yes,5,Yes,MEDIUM
323,Positive predictive value (effect of prevalence increase),Yes,544,Yes,5,Yes,MEDIUM
324,Confounding,Yes,865,Yes,5,Yes,MEDIUM
325,Inferior wall STEMI with bradycardia ,Yes,775,Yes,5,Yes,MEDIUM
326,Eisenmenger syndrome,Yes,845,Yes,5,Yes,MEDIUM
327, Kawasaki disease,Yes,952,Yes,5,Yes,MEDIUM
328,Exercise physiology,Yes,738,Yes,5,Yes,MEDIUM
329,Right Ventricular Injury from Anterior Penetrating Chest Trauma,Yes,923,Yes,5,Yes,MEDIUM
330,Carotid sinus hypersensitivity (baroreceptor reflex mechanism),Yes,645,Yes,5,Yes,MEDIUM
331,Cardiac vs. skeletal muscle action potential ,Yes,660,Yes,5,Yes,MEDIUM
332,Chondromalacia,Yes,1164,Yes,5,Yes,MEDIUM
333,Osteoporosis ,Yes,1271,Yes,5,Yes,MEDIUM
334,Shoulder dislocation ,Yes,1092,Yes,5,Yes,MEDIUM
335,Length-Time Bias,Yes,744,Yes,5,Yes,MEDIUM
336,Developmental dysplasia of the hip,Yes,1165,Yes,5,Yes,MEDIUM
337,Statin induced myopathy,Yes,1248,Yes,3,Yes,MEDIUM
338,Phase 4 Clinical Trial,Yes,751,Yes,5,Yes,MEDIUM
339,Biological Gradient (Dose-Response Relationship),Yes,870,Yes,5,Yes,MEDIUM
340,Precision vs Accuracy,Yes,512,Yes,5,Yes,MEDIUM
341,Right Coronary Artery Occlusion — AV Nodal Ischemia Causing Mobitz Type 1 Block,Yes,1137,Yes,5,Yes,MEDIUM
342,Acute gastritis,Yes,505,Yes,5,Yes,MEDIUM
343,Rare Disease Assumption (Odds Ratio Approximates Risk Ratio),Yes,646,Yes,5,Yes,MEDIUM
344,Positive Skewed Distribution (Mean > Mode Interpretation),Yes,587,Yes,5,Yes,MEDIUM
345,Effect of increased sample size on Type II error and statistical power,Yes,543,Yes,5,Yes,MEDIUM
346,Achlasia ,Yes,482,Yes,5,Yes,HARD